"text","label","notes"
"Jokic's assist-to-turnover ratio this postseason is 4.8:1 — best for any center in playoff history since the merger. His ability to initiate offense from the elbow while keeping turnovers under 2 per game is why Denver's offense doesn't stall when Murray goes off-ball.","analysis",""
"The Warriors dynasty declined because their eFG% on catch-and-shoot threes dropped from 58% in 2017 to 51% in 2022. Teams started switching onto Curry earlier, forcing him off-ball creation. The three-peat model required defensive laziness that stopped existing.","analysis",""
"Tatum's usage rate in fourth quarters actually drops in elimination games — from 28.4% overall to 24.1% in must-win situations over the last three playoffs. That's not a small-sample fluke; it's a consistent pattern that suggests something beyond just shot variance.","analysis",""
"Looking at defensive rating by lineup, the Celtics' best five-man unit this year holds opponents to 98.1 per 100 possessions. When they go small with White at the four, that number jumps to 108.3. The size question isn't philosophical for them — it's in the data.","analysis",""
"CP3's decline in pick-and-roll efficiency isn't just aging — it's that teams have solved his tendencies. His ball-screen acceptance rate dropped 12% this year because defenses are now switching everything on him and daring him to attack closeouts, which he can't do at the same level.","analysis",""
"The reason Miami's zone defense works so differently than most NBA zones is that Bam anchors the back line at 6'10 with legitimate perimeter closeout speed. Most 2-3 zones in the NBA fail because the center can't recover to the arc. Bam can, which changes every coverage calculation.","analysis",""
"LeBron's true shooting percentage in his age-38 season (62.3%) is higher than Jordan's peak TS% (57.4%). These are different eras with different rules, but the idea that Jordan was simply a more efficient scorer requires ignoring what efficiency metrics actually show.","analysis",""
"Luka's turnover rate (4.2 per game) is a real ceiling for Dallas. His usage is necessary — 37% — but every team that has gone deep with a high-usage, high-turnover creator has needed a reliably clean secondary handler. Dallas doesn't have one. That's the structural problem.","analysis",""
"The 3-point revolution didn't uniformly help all teams. Teams in the bottom quartile of 3-point rate still went .500+ if their mid-range efficiency was elite. The narrative that mid-range = bad strategy ignores that bad 3-point shooting is worse than good mid-range.","analysis",""
"OKC's defensive improvement this year is real and measurable. Their defensive rating went from 114.2 last year to 108.7 — a 5.5-point swing, larger than any team improved defensively over the same span. Holmgren's rim protection is the primary driver: opponents shoot 52.1% at the rim against OKC, down from 63.8%.","analysis",""
"Giannis isn't a good enough shooter to win a championship as the primary option. His three-point percentage in playoff series where opponents drop their bigs has been 27.3% — teams have solved it. Milwaukee needs a real second creator or this is their ceiling.","analysis",""
"The Suns' collapse isn't about KD or Beal individually — it's their defensive rebounding rate, which is 25th in the league. You can't build a championship contender when you give up 11.4 second-chance points per game. The personnel decisions created a structurally soft frontcourt.","analysis",""
"Steph's off-ball movement generates about 4.2 open looks per game for teammates — not himself. His gravity is measurable: when he's on the court, the Warriors' corner three rate for non-Curry players goes up 31%. When he sits, that number collapses.","analysis",""
"Anthony Davis has a legitimate case as the best defensive player in the league right now. His defensive box plus/minus of +4.8 leads all qualified players, he protects the rim (opponents shoot 51% against him), and he's improved his perimeter coverage.","analysis",""
"The play-in tournament has measurably hurt the regular season. Teams between seeds 7-10 in both conferences have reduced their win pace in the final 15 games by an average of 2.1 games compared to pre-play-in era.","analysis",""
"Victor Wembanyama's block rate in his rookie year (4.4 per 36 minutes) is higher than Rudy Gobert's best season and comparable to peak Dikembe. His perimeter coverage makes him a full-court deterrent, not just a rim protector.","analysis",""
"Boston's offensive rebounding rate actually increases in the fourth quarter of close games — from 24.1% overall to 28.3% in crunch time. Most teams sacrifice offensive boards for transition defense in close games; Boston bets that second chances outweigh transition risk.","analysis",""
"The reason the Knicks' defense has been elite with Anunoby is his 94th-percentile lateral quickness relative to his size. He can guard 1-through-4 credibly, letting New York switch more aggressively without creating mismatches.","analysis",""
"Kawhi Leonard's minutes restriction is empirically connected to postseason performance. In years he played 60+ regular season games, his playoff TS% was 57.1%. In restricted years, it was 61.4%. There's a real correlation between rest and peak playoff efficiency for him specifically.","analysis",""
"The Thunder's cap situation going into 2025 is historically unusual: they have ~$70M in cap space, three lottery picks, and two All-Star caliber players under 24. The last team in a comparable situation was the 2012 Thunder — they went to the Finals the following year.","analysis",""
"Draymond's value has always been underrated by casual metrics because he optimizes for things box scores don't capture: defensive rotations, screen quality, and drawing charges. His on/off differential this year is +9.2 — larger than most All-Stars — despite averaging 7 points.","analysis",""
"The real reason the Celtics are title favorites isn't their offensive rating (1st in the league) — it's that they're also top 5 defensively. That two-way profile is historically rare. The last team to lead in both and win a title was the 2017 Warriors.","analysis",""
"KD's true shooting percentage of 65.1% makes him one of the most efficient volume scorers in NBA history. Over any 3-year stretch since 2016, his TS% has never dropped below 62%. That efficiency at 27+ shots per game has no historical parallel at the same rate.","analysis",""
"The reason Tyrese Haliburton is undervalued in MVP discussions is that his assist percentage (52.3%) doesn't capture how many assists create corner threes vs. mid-range twos. When weighted by shot quality, Haliburton generates more expected points per assist than any guard in the league.","analysis",""
"Memphis's rebuild timeline is tied almost entirely to Ja Morant's injury history. Over the last two seasons, their record with Ja (38-21, .644) vs. without him (22-41, .349) is a 30-game swing in pace — the largest single-player record differential in the league right now.","analysis",""
"The 76ers' center rotation question matters more than people realize. When Embiid plays under 30 minutes, Philly's net rating is -2.1. When he plays 35+, it's +8.7. No other team has a 10+ point net rating swing based on one player's minutes.","analysis",""
"Zone defense usage in the NBA has increased from 8% of possessions in 2017 to 19% in 2024. The primary driver isn't strategic innovation — it's roster construction. Teams use zone specifically to hide their second-weakest defender rather than put him in man assignments.","analysis",""
"Sabonis's rebounding isn't about athleticism — it's about positioning. His box-out rate (percentage of opponent misses where he initiates contact) is 71%, highest in the league. He gives up 4 inches to most starting centers but outrebounds them because his positioning geometry is consistently superior.","analysis",""
"The Heat's playoff success under Spoelstra correlates most strongly with their defensive rebound rate in games 5-7 of series. In series they won, that rate was 76.4%. In series they lost, 69.1%. The final games are decided by second-chance points more than any other factor for Miami.","analysis",""
"Minnesota's Karl-Anthony Towns experiment at center failed because his defensive liability at the rim (+8.2 opponent eFG% allowed) required surrounding him with rangy, switchable wings — exactly the roster profile they didn't have.","analysis",""
"Dame's step-back three percentage in clutch situations (shot clock under 5, game within 3) is 38.2%, ranking in the 91st percentile among all guards. People underestimate how difficult those shots are — he's shooting them faster and more accurately than almost anyone.","analysis",""
"OKC's bench depth is elite — their second-unit net rating of +6.2 is second in the league. That depth explains their ability to manage heavy minute loads on young starters while maintaining defensive intensity.","analysis",""
"The reason the Spurs kept making the playoffs during the post-Big-Three rebuild is Popovich's system — his coaching produced a top-10 offense every year with completely different personnel. That's the rarest skill in coaching.","analysis",""
"Miami won despite losing KD in game 2 because their bench mobility creates defensive problems no team adjusts to mid-series. Opponent turnover rate spikes 4.1% against Miami zone in games 4-7, suggesting teams never fully solve it.","analysis",""
"Nikola Jokic is the most skilled big man in NBA history. Not a take — this is backed by every advanced metric we have. His playmaking, scoring, and rebounding profile has no historical precedent at the center position.","analysis",""
"The officiating in this league has measurably gotten more inconsistent. Foul rate per possession has increased 14% over five years while the proportion called on the road team increased from 51% to 56%. That's a real trend, not a feeling.","analysis",""
"Boston's half-court offense ranks 3rd in efficiency when Tatum is operating from the mid-post — 1.12 points per possession — but drops to 0.89 when he's at the top of the key. Their spacing scheme needs to account for where he generates value.","analysis",""
"Second-round pick value has been underestimated for a decade. Of the last 50 NBA championships, 42 rosters included at least one player originally drafted in the second round who logged 15+ minutes per game.","analysis",""
"Wembanyama's wingspan of 8 feet creates defensive angles that are geometrically impossible for most NBA offenses to work around. Shot-chart data from his second season shows a 4.2-foot exclusion zone around the rim where opponents simply stop shooting.","analysis",""
"Free throw rate differential in the fourth quarter of playoff games (home vs. away) is 1.8 fouls per game in favor of the home team. Over a 7-game series, that's a 12.6-foul swing — roughly 7.5 points. Referee bias is real and statistically significant.","analysis",""
"Toronto's defensive scheme relies on using Pascal Siakam as a point-of-attack defender despite his 6-foot-7 frame. Opponents shoot 43.2% on drives against him — 2.4% below league average — and his lateral quickness grades in the 89th percentile for players his size.","analysis",""
"Trae Young's regular season numbers collapse in the playoffs because opponents can gameplan his tendencies across a 7-game series. His postseason PER of 18.3 versus regular season 24.1 is one of the largest regular-to-playoff drops of any star in the last decade.","analysis",""
"The idea that Jokic can't guard anyone is a myth maintained by people who don't watch full games. His positioning and anticipation compensate for his athleticism. Teams don't actually exploit him more than they exploit any other starting center.","analysis",""
"Back-to-back games should be abolished. The injury data is overwhelming: players on the second night of a back-to-back suffer soft tissue injuries at a rate 2.3x higher than fully rested players. The league is knowingly increasing injury risk for television revenue.","analysis",""
"The shift in playoff defensive strategy over the last five years — from man-heavy to switch-heavy to zone-heavy — tracks directly with roster construction trends. When wings became expensive, zones emerged as the cheaper alternative.","analysis",""
"Playoff experience is a real and measurable variable. Teams playing in their first conference finals shoot 4.3% worse from three in the first two games compared to their regular season average, with the gap narrowing to 1.1% by games 5-7.","analysis",""
"Defensive rebounding rate is the most underrated predictor of playoff success. In the last 10 Finals, the team with the higher defensive rebound rate in the series won 8 out of 10 times.","analysis",""
"Phoenix's transition offense is historically fast: 14.2 seconds average from defensive rebound to shot attempt, fastest in the league. That pace creates coverage problems no defense has solved mid-season.","analysis",""
"The gap between a good NBA coach and a great one is approximately 8-12 wins per season, based on models that control for roster talent. That's larger than most front offices account for when allocating payroll toward coaching.","analysis",""
"The reason Embiid has never won a title isn't health — it's that Philly has never surrounded him with the right combination of perimeter creation and floor spacing simultaneously.","analysis",""
"The correlation between regular season win percentage and championship probability is lower in the NBA than any other major sport. Since 2000, the team with the best record has won the championship only 3 times in 24 years.","analysis",""
"His usage rate of 36.8% with a true shooting percentage of 61.4% is the most efficient high-volume season in the last five years. The combination of shot volume and efficiency at that level has only been achieved four times in NBA history.","analysis",""
"Oklahoma City's salary structure in 2026 gives them more flexibility than any team in the last decade has had at a similar talent level. They can absorb a max contract and still have room for a secondary addition.","analysis",""
"The three-point shooting data from last night told the whole story: Golden State shot 42% on 38 attempts while opponents shot 31% on 29 attempts. The volume and efficiency gap was the margin of victory.","analysis",""
"Portland's front office made a good decision trading Lillard. Hard to say it, but the analytics backed it up: their championship probability with an aging Lillard on a rebuilding roster was calculably lower than with the assets they received.","analysis",""
"The single biggest predictor of first-round upset is the lower seed's defensive efficiency in the 10 games before the playoffs — not regular season record. Teams that peak defensively at the end win first-round upsets at a 34% higher rate.","analysis",""
"New Orleans's offense optimizes around Zion in the dunker spot — a positioning tactic that increases their corner three rate by 11% compared to when he operates at the elbow. Defensive attention in the paint creates corner opportunities converted at 38.4%.","analysis",""
"Sacramento's second-unit net rating this year (+4.8) is the highest of any bench unit with three or more players with under four years of NBA experience. Their player development program is producing results before the players fully mature.","analysis",""
"LeBron is literally the GOAT and anyone who disagrees is just hating. He's been elite for 20 years — no one else has done that. The man is the greatest of all time, period. There is no debate.","hot_take",""
"Tatum will never win a championship. He's soft. You can see it in his eyes when the game is on the line. Real closers have a different look and Tatum just doesn't have it.","hot_take",""
"The NBA is rigged for big market teams. You can't convince me that LA and New York don't get preferential treatment in officiating. I've watched this for 30 years and it's obvious.","hot_take",""
"Steph Curry is overrated. His rings don't count because he had KD. Without Durant he's a first-round exit every year. People act like he's top 5 all time but he needed a super-team to win.","hot_take",""
"Giannis is a fraud. Two MVPs and one ring in a garbage Eastern conference. He'd have zero rings if he had to go through Jordan or Shaq. The era he plays in is weak.","hot_take",""
"KD is the most talented player ever but he's also the biggest coward. You don't leave OKC to join the team that beat you by 3-1. His legacy will always have that asterisk.","hot_take",""
"Joel Embiid is never going to win a title. He doesn't want it badly enough. Championship-level players find ways to stay healthy when it matters. He's just not built for playoff basketball.","hot_take",""
"Kyrie is a better player than most people admit. When he's locked in he's unstoppable. The problem is he just doesn't want to play basketball half the time. Talent-wise he's top 5 alive.","hot_take",""
"The Knicks are going to win the championship this year. I can feel it. The vibes are different. This team has the heart that other teams don't. It's finally our year.","hot_take",""
"Russell Westbrook was always overrated. Triple-doubles don't mean anything if your team keeps losing. He ruined every team he was on. The stats were empty and everyone knew it.","hot_take",""
"Dame Lillard should have stayed in Portland. He's going to regret leaving. Loyalty matters in this league and players who force their way out never win it all. Karma is real.","hot_take",""
"Ben Simmons ruined the Sixers. One of the most talented players of his generation and he just refuses to shoot. Philly would have a ring if he had any competitive drive at all.","hot_take",""
"The modern NBA is unwatchable. Players don't play defense anymore and everyone just jacks up threes. The 90s was real basketball. Jordan would average 50 in today's era.","hot_take",""
"Ja Morant has superstar talent but he's going to waste it. He cares more about his image than winning. You can tell what a player truly values by how they spend their offseason.","hot_take",""
"Zion Williamson is a bust. He had every tool and he chose food over basketball. The Pelicans deserve better. He was supposed to be the next Shaq and instead he's barely a starter.","hot_take",""
"Kobe was better than LeBron in every way that matters. Championship moments, competitiveness, clutch performance. LeBron has the stats but Kobe had the soul of a champion. Numbers lie.","hot_take",""
"The refs hate our team. Every single call goes against us when it matters. This league is corrupt and the officials decide outcomes before the game starts. Anyone who watches can see it.","hot_take",""
"Anthony Davis doesn't try hard enough. A man with his talent should have four rings by now. He coasts on natural ability and disappears when stakes are high. LeBron deserves a better co-star.","hot_take",""
"OKC is going to be a dynasty. Shai is the best player in the league right now and when Wembanyama and Holmgren are both in their prime it's over for everyone else.","hot_take",""
"Nikola Jokic is a system player. Put any decent passer in that Nuggets system and they'd put up similar numbers. The system makes the player, not the other way around.","hot_take",""
"The Celtics are chokers. They always find a way to lose when it really matters. It's a culture problem that goes back decades.","hot_take",""
"Scottie Barnes is going to be a top-5 player in the league in three years. I'm calling it now. The skill set, the size, the IQ — everything is there. Put it in writing.","hot_take",""
"Patrick Beverley is more important to winning than most people realize. Every championship team needs a dog like that. You can't buy that energy. He's undervalued by every stat.","hot_take",""
"The East has been weak for a decade and nothing has changed. Any team in the West would be a 4-seed in the East. Conference imbalance is ruining the NBA.","hot_take",""
"Draymond Green is a dirty player who should have been suspended years ago. He gets away with things other players would be thrown out for. The league protects Golden State.","hot_take",""
"James Harden's step-back three is one of the most unstoppable moves in NBA history. No one can guard it. When he's locked in he's the most skilled offensive player to ever play.","hot_take",""
"The MVP award has been meaningless for years. They just give it to whoever has the best narrative or plays in the biggest market. It's a media award now, not a basketball award.","hot_take",""
"Luka Doncic is going to win 5 championships. I'm confident in this. The talent is generational and once Dallas builds around him properly the rest of the league has no answer.","hot_take",""
"Devin Booker doesn't get enough credit. He's a top-10 player and if he played in a bigger market he'd be talked about the way Kobe was. The media just ignores him.","hot_take",""
"Paul George always disappears in the playoffs. It's not bad luck, it's who he is. Some guys are stars and some guys are All-Stars. George is the second type.","hot_take",""
"LeBron's playoff win rate against top-seeded opponents is below .500 — he's overrated.","hot_take","edge case: one stat used as decoration for predetermined conclusion"
"Jokic only wins in Denver because the altitude tires out opponents. Move him to sea level and those numbers don't exist.","hot_take","edge case: has a real phenomenon (altitude) but applies it nonsensically"
"KD scores at will but his teams don't win without also having an elite playmaker. He doesn't make teams; he joins them.","hot_take","edge case: real pattern but conclusion-first, ignores counter-evidence"
"Luka disappears in the fourth quarter. His fourth-quarter scoring average in elimination games is 6.2 points — his overall average is 28.4. The data confirms he goes missing when it matters.","hot_take","edge case: cherry-picked stat, conclusion-first, ignores selection bias"
"The Thunder will win the championship in the next 3 years. They're going to dominate the league for a decade. I'm certain of this. Nothing can stop what's coming.","hot_take",""
"Bam Adebayo is a top-15 player in the NBA and the gap between his actual ranking and his media ranking is the largest of any player right now.","hot_take",""
"The entire concept of a 'winning culture' is fake. Teams win because they have better players. Culture is a story teams tell after the fact.","hot_take",""
"The in-season tournament was a mistake and the players don't take it seriously. Just look at the rotations teams use. It's not real.","hot_take",""
"The league needs to do something about flopping immediately. It's ruining the game and anyone who defends it has no respect for real basketball.","hot_take",""
"There is no reason to play zone in the NBA if you have competent individual defenders. Zone is a crutch for bad defensive teams.","hot_take",""
"The Celtics are definitely winning the East this year. I said it at the start of the season and nothing I've seen has changed my mind. This team is built differently.","hot_take",""
"Melo at his peak was unstoppable. Genuinely one of the greatest scorers ever. The team failures weren't his fault — you can't win without a real point guard.","hot_take",""
"The league's refusal to fix the Hack-a-Shaq strategy is embarrassing. Just make intentional fouling away from the ball a technical. Problem solved. It's been a problem for 30 years.","hot_take",""
"He won't win an MVP because he plays in the wrong market, gets no national attention, and doesn't have a good PR team. The award is political.","hot_take",""
"The fact that we're even having a LeBron vs. Jordan debate is disrespectful to Jordan. There is no debate. Jordan 6-0 in the Finals. LeBron 4-6. The resume doesn't lie.","hot_take",""
"Teams that win 3+ championships do so because of culture and coaching, not player talent. You can build a dynasty without a top-10 all-time player. San Antonio proved it.","hot_take","edge case: uses Spurs but ignores Duncan was top-10"
"Charlotte's front office has mismanaged every pick and free agent decision since 2014. There's a pattern here — it's not bad luck, it's organizational dysfunction.","hot_take",""
"Playoff basketball is a completely different sport than the regular season and teams that don't understand that never win anything.","hot_take",""
"Summer league doesn't tell you anything about actual players. Stop overreacting to summer league.","hot_take",""
"I don't think people fully appreciate how good this era of basketball actually is. The skill level top to bottom is the highest it's ever been.","hot_take",""
"Load management is necessary and the people who complain about it are paying for entertainment, not medical advice. Stars staying healthy wins championships.","hot_take",""
"The 3-point line ruined basketball and I will die on this hill. Post-up basketball was beautiful. What we have now is just math.","hot_take",""
"Ja Morant at his best is the most exciting player in the league to watch. The talent is undeniable.","hot_take",""
"Stars should never be traded mid-season. It disrupts team chemistry and the player never gets properly integrated. Teams that make deadline blockbusters almost never win it all.","hot_take",""
"Referees should wear body cameras during every playoff game. Full accountability. Post every call online. The only people opposed to this are refs and the league office.","hot_take",""
"Mid-range shots are never the right shot. This has been proven definitively by data. Any coach still running mid-range sets is living in the past.","hot_take",""
"You don't deserve a ring if you switch teams to win one. Earn it where you were drafted or it doesn't count.","hot_take",""
"Bench players who average 8 points and play 20 minutes don't deserve max contracts. The salary scale is completely broken and the union is protecting mediocre players.","hot_take",""
"The draft lottery system rewards losing and should be replaced with a wheel or a different randomized system. Tanking is rational behavior that the league created by making losing valuable.","hot_take",""
"OH MY GOD DID YOU SEE THAT DUNK!!! I literally screamed. My neighbors called. I don't even care. That was the greatest play I have ever seen in my entire life.","reaction",""
"I can't breathe. We just won the championship. 20 years of pain and we finally did it. I'm crying and I don't care who knows. Thank you thank you thank you.","reaction",""
"WHAT IS HAPPENING. Down 20 and we just went on a 25-2 run in the fourth quarter. This game is insane. I've never felt anything like this watching basketball.","reaction",""
"I turned off the game in the third quarter and they won by 12. Never turning it off again. Actually I'm turning it off right now this is too stressful I cannot handle this.","reaction",""
"That buzzer beater broke me. I was at the game. I watched it go in. I still can't believe it happened. Going home now. Can't talk.","reaction",""
"SIR. HE JUST POSTERIZED A 7-FOOTER. The disrespect!! The man is not human. I'm standing up in my living room right now.","reaction",""
"How do you blow a 3-1 series lead. How. I need someone to explain this to me like I'm five years old because I genuinely don't understand what I watched.","reaction",""
"The trade just dropped and I don't know how to feel. I love this player. I'm genuinely sad. This isn't just basketball this is my childhood leaving.","reaction",""
"We just lost to a 10-seed in the play-in. This is the most embarrassing thing that has happened to this franchise. I need to log off.","reaction",""
"He just broke the single-game scoring record. I was watching live and I still don't believe it. What year is this. What sport is this.","reaction",""
"I showed up at the arena four hours early for this game and they just blew a 25-point lead in the fourth. I hate this team. I love this team. I hate basketball.","reaction",""
"My dad and I have watched this team together every year for 30 years. We just won the title. He's 68. We're both crying. Basketball is real life.","reaction",""
"Just watched Wembanyama's highlights from last night. I need to sit down. That's not supposed to be possible for a human being to do.","reaction",""
"The Finals start tonight and I can't focus on anything else. Tried to do work. Couldn't. Tried to eat dinner. Couldn't. Just need 9pm to get here.","reaction",""
"He got hurt. First quarter. Just walking off the floor. Season over. I don't even want to think about basketball right now.","reaction",""
"That ref call was absolutely criminal. I'm shaking. My blood pressure. My doctor told me not to do this to myself. Yet here I am.","reaction",""
"I hate this team. I love this team. I'm never watching again. I'm watching right now. This is a disease and I refuse treatment.","reaction",""
"Going to the championship parade tomorrow. Been a fan for 35 years. Never thought I'd see this day. Setting an alarm for 4am. Worth it.","reaction",""
"The game was tied with 2 seconds left and we called a timeout. Used the timeout. Inbounded. Game over. I cannot describe what I'm feeling.","reaction",""
"Best game I have ever watched in my entire life. Both teams left everything on the floor. I feel exhausted and I was just sitting on my couch.","reaction",""
"They just signed him!! The rumor was true!! I've been waiting for this since the trade deadline. This team is actually trying to win. I'm emotional.","reaction",""
"Down 3-1 and I actually believe we can do it. Don't ask me why. Just a feeling. Something about tonight felt different.","reaction",""
"Turned on the game during halftime. We were down 18. They just tied it. I'm pacing. My girlfriend is looking at me like I've lost my mind. She's not wrong.","reaction",""
"He missed both free throws with 4 seconds left and we lost by one. I need to lie down. See everyone in the offseason.","reaction",""
"That game 7 in double overtime is the greatest thing I've ever witnessed as a basketball fan. My voice is completely gone. I'm a wreck. Perfect night.","reaction",""
"We just got swept in the first round. By a 6 seed. I can't even be mad I'm just tired. Tired and old and I've watched too many years of this.","reaction",""
"First basketball game I've watched all year and it goes to triple overtime. This is why I never stopped watching. Even when I say I stopped watching.","reaction",""
"He asked for a trade. After everything. After we built around him. I'm not even mad. Just disappointed. This is why sports breaks your heart.","reaction",""
"PLAYOFF BASKETBALL IS BACK. I've been waiting 6 months for this. I'm so ready. Let's go. I don't care about sleep tonight.","reaction",""
"I genuinely don't know how I'm supposed to sleep after that. It's 1am. Work in 6 hours. 100% worth it.","reaction",""
"Down 28 at halftime I turned it off. Final score was a one-point loss. Never turning off a game again. Lesson learned. Again.","reaction",""
"Just got home from the game. I have absolutely no voice. My ears are still ringing. My feet hurt. Best night of my life.","reaction",""
"Trade deadline tomorrow and I'm refreshing Twitter every 30 seconds. This is a medical condition.","reaction",""
"They fired the coach. The coach who took us to the Finals twice. Just like that. I don't know what direction this organization thinks it's going.","reaction",""
"That no-call at the end of the game is going to haunt me until I die. Everyone saw it. The ref was looking right at it. I can't.","reaction",""
"I can't explain why I still care about this team after everything they've put me through. But I do. Massively. Inexplicably. Always.","reaction",""
"He's playing through a torn ligament and just dropped 40. I'm sorry but this is the most inspiring thing I've ever watched.","reaction",""
"The buzzer beater went in, the crowd went absolutely insane, and I just sat there in silence for a full minute. Sometimes a moment is too big to react to immediately.","reaction",""
"Draft night and I have no idea who we're taking. I've been preparing for this for months. I feel completely unprepared. Let's go.","reaction",""
"Lost in 5. Everyone said we'd win in 5. We lost in 5 going the other way. I'm going to touch grass for a while. See you all next year.","reaction",""
"Okay that spin move was actually ridiculous. I had to rewind it four times. I've watched basketball for 25 years and I've never seen that exact combination of footwork.","reaction",""
"The trade is official. I'm sick. He was everything to this franchise and we traded him for cap space and a second round pick. I can't.","reaction",""
"The game starts in 20 minutes and I can't sit still. I cleaned my whole apartment out of nervous energy. I don't even care if it's clean.","reaction",""
"We're officially eliminated. 82 games of caring and it ends like this. Fine. Fine. I'm totally fine. I'm not fine at all.","reaction",""
"They just announced he's healthy for the playoffs. Changed my whole mood. Today was going to be a bad day and now it's not.","reaction",""
"I texted my dad when they won because we watched every game together when I was a kid. He didn't respond for a while. Then he sent back a picture of us at a game in 1998. I'm a mess.","reaction",""
"Okay I was NOT expecting that block. The crowd's reaction said everything. The building went from dead quiet to absolute chaos in about one second.","reaction",""
"The entire arena did the same thing at the exact same moment — we all stood up, looked at each other, and just started screaming. Nothing like a game 7 overtime.","reaction",""
"We actually won. I don't know what to do with myself. I've wanted this my whole life. It doesn't feel real yet.","reaction",""
"He just dropped 50 on 60% shooting — can't believe I'm watching this, this man is unreal","reaction","edge case: has a stat but primary function is emotional expression"
"I'm never emotionally recovering from that game 6. We had it. We had it and then we didn't. I'm going to think about that fourth quarter for years.","reaction",""
"Man I love this team. I know we're not making the playoffs but watching these young guys develop is genuinely fun. Some years that's enough.","reaction",""
"Tonight felt like a turning point. I don't know if it actually was. But something felt different about how they competed and I want to hold onto that feeling.","reaction",""
"Losing tonight hurt more than I expected. I was prepared for it. Told myself all week I was prepared. I was not prepared.","reaction",""
"I started watching this team with my grandfather. He passed away two years ago. Watching them win tonight, I kept thinking about what he'd say. Miss him every game.","reaction",""
"I'll never understand why we didn't re-sign him when we had the chance. Now I get to watch him win championships somewhere else. Franchise decisions haunt you.","reaction",""
"This team is completely fine. Everyone is panicking for no reason. We're going to flip a switch in April. Trust the process. Again.","hot_take",""
"I thought I didn't care about basketball anymore. Then they made the playoffs and I care more than I've ever cared about anything. It's a curse and I accept it.","reaction",""
"He had 47 points and 11 assists and somehow we lost. I'm going to need some time to process how that's possible. But also that performance was something I'll describe to people who weren't watching.","reaction",""
"Young players shouldn't be given max contracts before they've won anything. The league has it backwards — pay for results, not potential. Jordan didn't get paid until he proved it.","hot_take",""
"I've watched basketball for 40 years and I have never seen a player like Wembanyama. Not physically like him. The range, the coordination, the feel at 7 foot 4. It doesn't compute.","reaction",""
"Winning 60 games in the regular season is now meaningless. Every team saves their best basketball for the playoffs. The regular season is basically a long exhibition at this point.","hot_take",""
"I started watching this game alone because everyone else gave up on this team. By the fourth quarter I was texting everyone I know. Can't help it.","reaction",""
"He retired today. I know he'd been struggling with injuries. I know it was time. I'm still not ready for it. Some players feel like constants and then they're not.","reaction",""
"Playoff seeding should be completely redone. Top 16 teams regardless of conference, all in one bracket. The current system is unfair to strong Western teams.","hot_take",""
"Last night was the first time I watched a game alone since my divorce. Strange feeling. Basketball is still basketball. Kind of glad I had it.","reaction",""
"I came to this game alone because I couldn't get anyone to come with me. Sat next to a stranger who turned out to be a lifelong fan too. We talked the whole game. Exchanged numbers. Basketball does that.","reaction",""
"The minute the final buzzer went off my son ran into the living room — he heard me yelling from two floors up. We watched the celebration together until midnight. He's six. He'll remember this.","reaction",""
"I fell asleep in the third quarter because I was so sure we had it. Woke up to 47 texts. Found out what happened. I'm going back to sleep. Forever.","reaction",""
"When he hit that shot I grabbed my phone to text my best friend. Then I remembered he moved away and it's 2am there. I texted anyway.","reaction",""
"First game of the season tonight and I have genuinely missed this. Even the bad years. I have missed all of it.","reaction",""
"I've driven 6 hours to watch this team play twice in my life. Both times they lost by 30. I'm doing it again next month.","reaction",""
"That's enough sports for tonight. My heart rate needs a few hours to come down. What a game. What an absolute game.","reaction",""
"I refuse to get excited about this team ever again. Every year. Same story. I'm not doing it. I'm already doing it.","reaction",""
"Ja Morant's drive frequency (14.2 per game) creates free throw opportunities at a rate that ranks in the 95th percentile among guards — when he plays, Memphis generates 8.4 more free throw attempts per game than when he sits.","analysis",""
"The Nets' entire organizational strategy since 2021 has been reactive and incoherent. They've traded two top-5 players in their prime and have nothing to show for either of them. Worst front office in the league by a wide margin.","hot_take",""
"I literally cannot sleep. It's 3am. We just won in overtime on the road and I have to be at work in four hours. I've never been happier to be exhausted.","reaction",""
"Golden State's dynasty era produced four championships using the same core group across nine seasons — a level of sustained excellence that has no parallel in the modern NBA cap era.","analysis",""
"Carmelo Anthony deserved a better supporting cast for his entire career. He was never the reason his teams lost. The GM decisions around him were the problem, not his game.","hot_take",""
"She texted me a photo of my nephew wearing my team's jersey at the game. He's three. He has no idea what's happening. He's already a fan. I'm not okay.","reaction",""
"The reason pick-and-roll defense has evolved toward dropping the big man is statistical: ball-handlers shooting off screens have a lower eFG% (44.1%) than those receiving pocket passes from rolling bigs (52.3%). Teams adjusted to the bigger threat.","analysis",""
"Damian Lillard will be remembered as one of the great what-ifs of his generation. The talent was undeniable. The front office around him was not.","hot_take",""
"I have watched every game this season. Home and away. Good months and terrible months. Tonight was worth every single one of them.","reaction",""
